appid,ksid,ksurl
347000,1568789329,/projects/2074789246/innerspace?ref=play
469600,867870907,/projects/autoattack/legion-td-2?ref=play
470580,799769635,/projects/6502b/in-the-shadows-1?ref=play
440650,1917930303,/projects/80250451/niche-a-genetics-survival-game?ref=play
517720,39150958,/projects/291092632/epic-tavern-rule-the-land-from-your-tavern?ref=play
628290,1049522400,/projects/inbetweengames/all-walls-must-fall-a-tech-noir-tactics-game?ref=play
308060,122883163,/projects/503519380/black-the-fall?ref=play
318970,300724127,/projects/125859261/starcrawlers?ref=play
331480,243520021,/projects/80348891/pinstripe-an-adventure-through-hell?ref=play
569860,1576182728,/projects/thimbleweedpark/thimbleweed-park-a-new-classic-point-and-click-adv?ref=play
312520,678135527,/projects/rain-world/project-rain-world?ref=play
481510,1661513602,/projects/1307515311/night-in-the-woods?ref=play
257850,746498917,/projects/1661802484/hyper-light-drifter?ref=play
365200,537965920,/projects/popsandbox/loud-on-planet-x?ref=play
603420,1423275922,/projects/jandusoft/caveman-warriors-multiplayer-platformer-arcade-gam?ref=play
535480,1569490481,/projects/thunderlotus/sundered-a-horrifying-fight-for-survival-and-sanit?ref=play
609410,1767734687,/projects/crashwavegames/iron-tides?ref=play
256460,1416504091,/projects/1596638143/cosmic-star-heroine-sci-fi-spy-rpg-for-pc-mac-ps4?ref=play
397060,321606173,/projects/1464350149/faeria-strategy-card-game?ref=play
422810,1556821907,/projects/combitstudios/river-city-ransom-underground?ref=play
333990,1405049464,/projects/10x10room/conclave?ref=play
295670,119461210,/projects/graphitelab/hive-jump-0?ref=play
253840,405324430,/projects/1236620800/shantae-half-genie-hero?ref=play
403970,276808753,/projects/kingartgames/the-dwarves-a-new-storydriven-fantasy-rpg?ref=play
258030,1463728532,/projects/171497873/earthlock-festival-of-magic?ref=play
392260,1072577099,/projects/180322771/rogue-wizards-fantasy-role-playing-game-rpg?ref=play
306760,1719494931,/projects/cyaninc/obduction?ref=play
291410,1820842563,/projects/keithlee/duelyst?ref=play
294100,1532818257,/projects/tynansylvester/rimworld?ref=play
449830,1252853381,/projects/muvluv/muv-luv-a-pretty-sweet-visual-novel-series?ref=play
314710,564596765,/projects/mightyno9/mighty-no-9?ref=play
380750,858146484,/projects/1188790300/anima-gate-of-memories-0?ref=play
362350,1640511112,/projects/brotherwise/boss-monster-dungeon-building-card-game-for-ios-an?ref=play
406290,1596366215,/projects/559431060/twilight-struggle-digital-edition?ref=play
427660,318996367,/projects/playism/project-scissors-nightcry?ref=play
320040,1632425182,/projects/kitfoxgames/moon-hunters-a-myth-weaving-rpg?ref=play
360510,392502096,/projects/fugitivegames/into-the-stars?ref=play
395850,1140599049,/projects/1330754003/bear-simulator?ref=play
322500,1275072367,/projects/375798653/superhot?ref=play
318600,2070122346,/projects/molassesflood/the-flame-in-the-flood?ref=play
272270,286165030,/projects/inxile/torment-tides-of-numenera?ref=play
419460,298763592,/projects/numinousgames/that-dragon-cancer?ref=play
324160,496621448,/projects/sekaiproject/clannad-official-english-release?ref=play
307670,967279992,/projects/playway/hard-west?ref=play
299600,615356724,/projects/grimmbros/dragon-fin-soup?ref=play
319050,779738724,/projects/1206403106/chaos-reborn-from-the-creator-of-the-original-x-co?ref=play
408990,1876676092,/projects/1102507263/timber-and-stone?ref=play
372780,1155381356,/projects/teampixelpi/pulse-reveal-the-world-through-sound?ref=play
381260,1205500148,/projects/schellgames/orion-trail?ref=play
334120,1421442073,/projects/armikrog/armikrog?ref=play
323580,754640221,/projects/thunderlotusgames/jotun?ref=play
342260,1014993943,/projects/reynoldsphobia/nevermind-biofeedback-horror-game?ref=play
402160,311406623,/projects/starcommand/star-command-kickstart-part-2-the-pc-mac-space-adv?ref=play
367600,859391574,/projects/skyshinegames/bedlam?ref=play
380150,28597282,/projects/bischoff/stasis-2d-isometric-scifi-horror-adventure-game?ref=play
268870,2017039219,/projects/5livesstudios/satellite-reign?ref=play
346940,828587276,/projects/webeharebrained/shadowrun-hong-kong?ref=play
325790,2067309003,/projects/1228828169/fallen-a2p-protocol?ref=play
250540,180820002,/projects/1054244612/c-wars-roguelike-pixel-art-pc-game?ref=play
368730,1326350819,/projects/1296948465/no-time-to-explain-indie-game?ref=play
253250,785289599,/projects/1590639245/stonehearth?ref=play
246110,1639484648,/projects/doublefine/double-fines-massive-chalice?ref=play
329860,420640336,/projects/chrixeleon/catlateral-damage?ref=play
287600,1859264375,/projects/taleoftales/sunset-a-first-person-videogame-thriller?ref=play
293220,926038987,/projects/1687497632/h-hour-worlds-elite-0?ref=play
269650,1088741310,/projects/dreadlocks/dex-cyberpunk-2d-rpg?ref=play
251130,1062402293,/projects/1893273284/chroma-squad-manager-game-with-japanese-style-supe?ref=play
264000,422340812,/projects/stillalivestudios/son-of-nor-the-world-is-your-weapon?ref=play
295590,449721298,/projects/heartshapedgames/hero-generations?ref=play
359320,880009511,/projects/1461411552/elite-dangerous?ref=play
291650,458565935,/projects/obsidian/project-eternity?ref=play
234920,2014095857,/projects/owlchemylabs/dyscourse-survivors-choose-wisely?ref=play
317100,1270104074,/projects/486250632/republique-by-camouflaj-logan?ref=play
319740,397879019,/projects/iridiumstudios/there-came-an-echo-0?ref=play
253390,527742363,/projects/meganfox/hot-tin-roof-the-cat-that-wore-a-fedora?ref=play
262060,1637457328,/projects/1460250988/darkest-dungeon-by-red-hook-studios?ref=play
290340,688404521,/projects/leagueofgeeks/armello-bringing-tabletop-adventures-to-life?ref=play
277850,2143543297,/projects/gutefabrik/sportsfriends-featuring-johann-sebastian-joust?ref=play
293480,1067080573,/projects/railboy/frontiers-explore-discover-survive?ref=play
334230,516711935,/projects/blankmediagames/town-of-salem-mobile-steam-localization?ref=play
326160,1156271755,/projects/portalarium/shroud-of-the-avatar-forsaken-virtues-0?ref=play
274620,729206832,/projects/408234422/skara-the-blade-remains-0?ref=play
320840,1691943879,/projects/850516062/wings-remastered-edition?ref=play
286220,1274307236,/projects/573261866/pier-solar-hd-an-rpg-for-xbox360-pc-mac-linux-and?ref=play
253330,860492963,/projects/infinitap/neverending-nightmares?ref=play
305620,1972227352,/projects/hinterlandgames/the-long-dark-a-first-person-post-disaster-surviva?ref=play
300380,981718744,/projects/darkseasgames/road-redemption?ref=play
296570,1327575150,/projects/1446315704/lords-of-xulima-an-epic-story-of-gods-and-humans?ref=play
292400,1653009304,/projects/pyrodactyl/unrest-an-unconventional-rpg-set-in-ancient-india?ref=play
300280,2049660520,/projects/petrucio/adventurezator-when-pigs-fly?ref=play
269890,513336947,/projects/432712414/ar-k-an-old-school-game-with-a-new-twist?ref=play
248310,758540498,/projects/galaxytrail/freedom-planet-high-speed-platform-game?ref=play
299480,1082524535,/projects/project-giana/dieselstormers?ref=play
264560,2080817924,/projects/infamousquests/quest-for-infamy-an-adventure-game-by-infamous-que?ref=play
298630,224077417,/projects/chrisd/the-escapist?ref=play
288060,1576238251,/projects/daevo/whispering-willows-horror-puzzle-game-for-ouya-and?ref=play
253510,1544361117,/projects/409030043/warmachine-tactics?ref=play
304650,2083004996,/projects/failbetter/sunless-sea?ref=play
265590,1906440675,/projects/947226117/the-red-solstice?ref=play
250760,1121258628,/projects/yachtclubgames/shovel-knight?ref=play
223830,55442017,/projects/69341191/xenonauts?ref=play
280040,1362063494,/projects/richtaur/crypt-run-death-is-just-the-beginning?ref=play
290000,1906447324,/projects/1206692245/dubwars-a-dubstep-fueled-top-down-twin-stick-shoot?ref=play
263280,130954423,/projects/358753914/spintires-the-ultimate-off-road-challenge?ref=play
302310,1247095311,/projects/frogdice/dungeon-of-elements?ref=play
268750,67724087,/projects/seanyoung/magicite-a-multiplayer-rpg-platformer?ref=play
299700,1233510311,/projects/nexeon/face-of-mankind-fall-of-the-dominion?ref=play
261530,38519205,/projects/davidboard/lifeless-planet-a-new-cinematic-sci-fi-adventure-g?ref=play
280540,1065253535,/projects/1184280206/ghostcontrol-inc?ref=play
291010,2051479991,/projects/gamemechanicsllc/the-hat-man-shadow-ward?ref=play
280520,1303600364,/projects/jmcmorris/crea?ref=play
301220,1104486396,/projects/471947712/legends-of-persia?ref=play
290770,1563245917,/projects/189665092/the-fall-dark-story-driven-exploration-in-an-alien?ref=play
250620,2102032730,/projects/krillbite/among-the-sleep?ref=play
296150,1386995431,/projects/star-rangers-hq/astronaut-moon-mars-and-beyond-the-nasa-mmo-online-0?ref=play
288120,1014632933,/projects/56637190/dungeonmans-the-heroic-adventure-roguelike?ref=play
265830,790075130,/projects/445804219/monochroma?ref=play
278570,1115383570,/projects/1030973909/labyrinthine-dreams?ref=play
290040,1944063053,/projects/shauninman/retro-game-crunch-six-games-in-six-months?ref=play
256010,229114180,/projects/2079547763/jagged-alliance-flashback?ref=play
290870,214816958,/projects/1808187125/steam-squad?ref=play
282740,1069204607,/projects/1168870049/organic-panic-a-physics-puzzler-where-you-build-th?ref=play
257170,1088180314,/projects/sarahnorthway/rebuild-gangs-of-deadsville?ref=play
268930,841165291,/projects/malevolence/malevolence-the-infinite-rpg?ref=play
261510,1181486974,/projects/texmurphy/tex-murphy-project-fedora?ref=play
266550,1874055392,/projects/johnmasterlee/spark-rising-a-build-battle-sandbox-game?ref=play
225600,1564204061,/projects/punyhuman/blade-symphony?ref=play
264060,986171327,/projects/whole-hog-games/full-bore-an-underground-puzzle-adventure?ref=play
246400,2091490692,/projects/343838885/nekro?ref=play
280440,617496852,/projects/1509489292/mav-modular-assault-vehicle?ref=play
291070,321753845,/projects/397626798/slip?ref=play
291190,193088487,/projects/tresebrothers/heroes-of-steel-fantasy-rpg?ref=play
250720,1389347566,/projects/732317316/starlight-inceptiontm?ref=play
269990,2048051217,/projects/digital-eel/infinite-space-3-sea-of-stars?ref=play
264440,1369225601,/projects/lantanagames/children-of-liberty-historical-stealth-platformer?ref=play
286160,1406876088,/projects/274930865/tabletop-simulator?ref=play
264520,288918415,/projects/1005365109/jane-jensens-pinkerton-road-2012-2013-csg?ref=play
280200,525313381,/projects/1989266212/eterium-a-space-combat-sim-for-windows-pc?ref=play
267750,2112059360,/projects/1964352341/shadowrun-online?ref=play
277930,1186359414,/projects/nerdkingdom/tug-1?ref=play
269810,1682630534,/projects/379113968/spate?ref=play
249380,179140598,/projects/stainlessgames/carmageddon-reincarnation?ref=play
218820,868409393,/projects/322438897/mercenary-kings?ref=play
274980,518173606,/projects/robatato/sanjiten?ref=play
265670,603454766,/projects/kinifi/imagine-me?ref=play
266230,449871336,/projects/lastdream/last-dream-an-ode-to-classic-rpgs?ref=play
237870,218087705,/projects/1757963851/planet-explorers?ref=play
266170,1175155045,/projects/snowedinstudios/windforge?ref=play
259450,1562940121,/projects/celsiusgs/drifter-a-space-trading-game?ref=play
262590,1259780201,/projects/niffler/chucks-challenge-3d?ref=play
254590,106581109,/projects/1011099242/theme-park-studio-create-the-ultimate-theme-park?ref=play
263020,1148028889,/projects/2026326625/starwhal-just-the-tip?ref=play
239840,375709459,/projects/70755535/dead-state-the-zombie-survival-rpg?ref=play
236510,804165301,/projects/355932838/crowdsourced-hardcore-tactical-shooter?ref=play
224480,13140935,/projects/1432651738/octodad-2?ref=play
263320,509652327,/projects/mightyjosh/saturday-morning-rpg?ref=play
232790,1929840910,/projects/doublefine/double-fine-adventure?ref=play
262790,449615835,/projects/1750899614/our-darker-purpose-0?ref=play
230230,1238582157,/projects/larianstudios/divinity-original-sin?ref=play
261740,781084973,/projects/1166550020/humans-must-answer-an-explosive-2d-shmup?ref=play
259660,1910338249,/projects/1718477862/void-destroyer?ref=play
237990,1803366943,/projects/stoic/the-banner-saga?ref=play
201040,1975504304,/projects/philhassey/galcon-2-galactic-conquest?ref=play
264240,171742204,/projects/idgi/consortium-0?ref=play
251570,1305329386,/projects/7daystodie/7-days-to-die-zombie-survival-game?ref=play
235620,754164996,/projects/daysofwonder/small-world-2-the-return?ref=play
240760,2000827215,/projects/inxile/wasteland-2?ref=play
253030,5353475,/projects/flippfly/race-the-sun-endless-racer-with-mod-tools-and-mult?ref=play
262940,571759710,/projects/revolutionsoftware/broken-sword-the-serpents-curse-adventure?ref=play
259760,1823242194,/projects/ackkstudios/two-brothers-0?ref=play
252250,1500378721,/projects/simonroth/maia?ref=play
253350,1463477541,/projects/359201373/tiny-barbarian-dx?ref=play
263560,163726841,/projects/2088045881/paper-sorcerer?ref=play
261940,542294124,/projects/438269196/mysterious-cities-of-gold-the-video-game?ref=play
248820,1181224647,/projects/riskofrain/risk-of-rain?ref=play
219990,1420270001,/projects/crateentertainment/grim-dawn?ref=play
237470,1075169964,/projects/kingartgames/battle-worlds-kronos-turn-based-strategy-revisited?ref=play
250030,1945438763,/projects/516151670/lilly-looking-through-an-animated-adventure-game?ref=play
238260,922179099,/projects/1067367405/pinball-arcade-star-trek-the-next-generation?ref=play
238430,1373812129,/projects/monochromellc/contagion?ref=play
249990,1388413702,/projects/betadwarf/forced?ref=play
246760,1136449939,/projects/1684781151/legends-of-eisenwald?ref=play
250380,1450580510,/projects/1535515364/knock-knock?ref=play
245130,1289265960,/projects/sandswept/the-dead-linger?ref=play
248410,1886583818,/projects/460738485/legends-of-aethereus-co-op-hack-n-slash-action-gam?ref=play
227860,7127449,/projects/902505202/castle-story?ref=play
242780,188992816,/projects/postudios/cognition-an-erica-reed-thriller?ref=play
247240,1846299513,/projects/1829034266/volgarr-the-viking?ref=play
238280,52200548,/projects/robotloveskitty/legend-of-dungeon?ref=play
232810,1348783490,/projects/22cans/project-godus?ref=play
252030,1212702147,/projects/460275866/valdis-story-abyssal-city?ref=play
242880,523082785,/projects/1499900830/sir-you-are-being-hunted?ref=play
241720,1698309592,/projects/exatogames/guncraft-voxel-based-first-person-shooter?ref=play
210870,730755896,/projects/1564776348/the-hardest-platformer-ever?ref=play
234650,531044328,/projects/webeharebrained/shadowrun-returns?ref=play
258010,213954686,/projects/1829438086/ring-runner-flight-of-the-sages?ref=play
238240,1452375135,/projects/edgeofspace/edge-of-space?ref=play
231910,2091726955,/projects/leisuresuitlarry/make-leisure-suit-larry-come-again?ref=play
234980,319637873,/projects/522716131/legends-of-dawn?ref=play
238630,1785687166,/projects/928099324/fist-puncher-old-school-beat-em-up?ref=play
230310,851609835,/projects/spicyhorse/akaneiro-demon-hunters?ref=play
233250,1957695328,/projects/659943965/planetary-annihilation-a-next-generation-rts?ref=play
237430,1165127733,/projects/2128128298/expeditions-conquistador?ref=play
230190,1006008989,/projects/subterraneangames/war-for-the-overworld?ref=play
220660,815404617,/projects/1319847883/stardrive-a-4x-action-strategy-game-for-the-pc?ref=play
248800,355001336,/projects/dischan/dysfunctional-systems?ref=play
233740,92169165,/projects/hatsproductions/organ-trail-directors-cut?ref=play
231200,1522136609,/projects/149077132/kentucky-route-zero-a-magic-realist-adventure-game?ref=play
250580,1297430189,/projects/1125357480/paranautical-activity-old-school-fps-meets-rogueli?ref=play
209540,1386737448,/projects/bornreadygames/strike-suit-zero?ref=play
212700,77133348,/projects/2080742704/party-of-sin?ref=play
209080,1433533599,/projects/musegames/guns-of-icarus-online?ref=play
246300,1510209651,/projects/mattcohen/paranormal?ref=play
96300,1471329171,/projects/2dawngames/ravaged?ref=play
219640,1567515511,/projects/1711512107/chivalry-medieval-warfare?ref=play
301540,1021808822,/projects/312751524/rhythm-destruction-a-rhythm-and-shoot-em-up-game-f?ref=play
212680,1162231845,/projects/64409699/ftl-faster-than-light?ref=play
204300,1846056436,/projects/ronimo/awesomenauts-starstorm?ref=play
212050,10997537,/projects/VinceTwelve/resonance-retro-styled-adventure-game-contest-e?ref=play
104900,993478889,/projects/orionprelude/orion-prelude?ref=play
200910,819700863,/projects/jwishnov/sequence-a-rhythm-roleplaying-game?ref=play
92800,843554669,/projects/2131152481/spacechem-limited-edition?ref=play
49810,1146527407,/projects/musegames/creavures?ref=play
